{"24580488.png": 996.9537761037898, "17306265.png": 980.0, "29880217.png": 1020.0, "25516171.png": 980.0, "29912990.png": 1020.0, "28140635.png": 980.0, "26026170.png": 1020.0, "23763283.png": 980.0, "22567171.png": 1020.0, "29715059.png": 980.0, "25451719.png": 1020.0, "22334025.png": 980.0, "29380964.png": 1020.0, "28029703.png": 980.0, "27136429.png": 1023.0462238962102, "14951368.png": 1020.0, "21688543.png": 980.0, "25367654.png": 1020.0, "29872129.png": 980.0, "29669164.png": 1020.0, "25297601.png": 980.0, "29652050.png": 1020.0, "27711589.png": 980.0, "28007836.png": 1020.0, "17476217.png": 980.0, "22500412.png": 1020.0, "29814683.png": 980.0, "28017060.png": 1020.0, "27798166.png": 980.0, "29826692.png": 1020.0, "24562924.png": 980.0, "28133324.png": 1020.0, "20492668.png": 980.0, "27990114.png": 1020.0, "28285296.png": 980.0, "21525635.png": 1020.0, "27283237.png": 980.0, "28552514.png": 1020.0, "25590446.png": 980.0, "29814675.png": 1020.0, "29403697.png": 980.0, "28554639.png": 1020.0, "28884020.png": 980.0, "29954432.png": 1020.0, "26494833.png": 980.0, "24558953.png": 1020.0, "29224114.png": 980.0, "21881629.png": 1020.0, "29930838.png": 980.0, "29028302.png": 1020.0, "24851334.png": 980.0, "25570035.png": 1020.0, "29954041.png": 980.0, "23835057.png": 1020.0, "22847536.png": 980.0, "28064671.png": 1020.0, "29187148.png": 980.0, "29906579.png": 1020.0, "17781970.png": 980.0, "29799275.png": 1020.0, "27951416.png": 980.0, "29948922.png": 1020.0, "27924241.png": 980.0}