{"vag.png": 1019.7697821756442, "f1oh.png": 1010.2249168635473, "formula1.png": 990.2302178243558, "lasvegas.png": 989.7697821756442, "f.png": 990.0053009608085}