{
    "29279553.png": 1013.5836122129326,
    "29552508.png": 964.5354052462561,
    "29689833.png": 1028.2741983289286,
    "29803414.png": 923.72783382209,
    "29484517.png": 1033.939003292302,
    "27478778.png": 1046.1199974051663,
    "27415520.png": 1057.8006268261222,
    "29672412.png": 957.803651819706,
    "29550938.png": 1003.2874842137518,
    "29802990.png": 945.2791160005518,
    "29805788.png": 1061.3019675868193,
    "29240250.png": 1008.9002132038114,
    "29487644.png": 988.9490596487913,
    "29552570.png": 1095.2194941239197,
    "29838647.png": 1034.735125859901,
    "29798350.png": 1073.2625100809892,
    "29623831.png": 952.3205735580505,
    "29837655.png": 1063.3083317406886,
    "29702988.png": 943.82308294929,
    "29486027.png": 1084.318369627506,
    "28153539.png": 933.492824465577,
    "29680181.png": 1038.0040729927719,
    "29774463.png": 1051.4602565768423,
    "29715074.png": 995.4726966383591,
    "29090700.png": 1009.9890128903007,
    "29782379.png": 983.6610288831248,
    "29850081.png": 994.762859479047,
    "29753034.png": 1055.8898068466679,
    "29992289.png": 953.3131282760957,
    "29341560.png": 987.3674047999863,
    "29689832.png": 1033.6225411448697,
    "29207493.png": 1071.531983948629,
    "29486673.png": 1020.3239336246256,
    "29698715.png": 1011.4252407861256,
    "29798299.png": 1077.992400266112,
    "29889698.png": 970.3513621262554,
    "26812432.png": 1056.5107374541617,
    "29474838.png": 1066.5937455716328,
    "28952957.png": 1035.2205058487984,
    "29484535.png": 1032.2365485225293,
    "29672386.png": 931.287894819918,
    "29486025.png": 1002.6568902325281,
    "29715097.png": 934.8251086866298,
    "29807139.png": 1036.0677432617501,
    "29578757.png": 947.1469932435323,
    "29657342.png": 1021.7994241837226,
    "29813012.png": 984.397996349129,
    "29778567.png": 1067.855352079774,
    "29953707.png": 980.2215514268812,
    "29480880.png": 1060.119311213653,
    "29566028.png": 983.4173205577192,
    "29722011.png": 994.2253949108328,
    "29672379.png": 1043.780079781987,
    "29750370.png": 944.4382976791911,
    "29527318.png": 1014.9965715666846,
    "29672396.png": 969.9546647448311,
    "29593786.png": 928.9782975513921,
    "29778570.png": 987.8613758787051,
    "29426913.png": 963.4842549230874,
    "29819445.png": 1032.1117056952135,
    "29965881.png": 1062.2456300798676,
    "29486503.png": 1046.7206674817066,
    "29667915.png": 1024.350747326089,
    "26875180.png": 963.4316730531337,
    "29800533.png": 1062.5179622014157,
    "29778563.png": 1046.6868717239045,
    "29566043.png": 939.2476399675389,
    "29376444.png": 980.2364293643775,
    "28774178.png": 965.171926545036,
    "29536015.png": 1035.776285821622,
    "29579905.png": 982.648518155269,
    "29791108.png": 1017.0234227685322,
    "29051489.png": 999.3691106757227,
    "29389608.png": 1049.12063633603,
    "29705463.png": 951.2715836792805,
    "26081031.png": 1058.0781335363865,
    "29378459.png": 1003.4366439419514,
    "28774182.png": 1027.7033701455023,
    "29715085.png": 1027.6387949382774,
    "29181875.png": 1048.7284163207196,
    "29374325.png": 948.9619408539219,
    "29650543.png": 963.4267211609742,
    "27957310.png": 997.8720354309748,
    "29550633.png": 995.1924860707447,
    "29672393.png": 953.0056058234971,
    "29790882.png": 1016.5605431172605,
    "29486506.png": 1069.9620314396175,
    "29480860.png": 1000.0,
    "29946742.png": 994.0456845849826,
    "29672370.png": 994.3658654550051,
    "29839610.png": 1002.1403741411657,
    "29474815.png": 996.9537761037898,
    "29341229.png": 956.8452504616102,
    "29908802.png": 1026.2475244163006,
    "29574831.png": 1011.0800560247087,
    "29593773.png": 968.8295874459913,
    "29793149.png": 971.527907736745,
    "29593785.png": 976.2765295527114,
    "29427857.png": 958.3069013670644,
    "29593772.png": 990.7193735630766,
    "29441854.png": 1011.9443283673128,
    "29084561.png": 1050.0638711972997,
    "29738142.png": 1001.3419697196651,
    "29486039.png": 1029.3028325032617,
    "29284101.png": 992.9388403361997,
    "29725326.png": 969.0005393112276,
    "29953683.png": 993.7376928879681,
    "29447329.png": 986.2588549607068,
    "29971764.png": 1031.4484471417204,
    "29974265.png": 992.3149543148106,
    "29829504.png": 1056.3660978305468,
    "29809577.png": 990.3871181926703,
    "19772105.png": 970.0406992069115,
    "29705809.png": 970.8793636639701,
    "29475577.png": 1031.7746402169298,
    "29236959.png": 968.2253597830703,
    "2398643.png": 985.9543154150174,
    "29665819.png": 995.2692965805298,
    "29689830.png": 1005.1447436869383,
    "29484512.png": 981.5158539934976,
    "29965803.png": 963.33123495892,
    "18309189.png": 1004.7330103416871,
    "28923257.png": 960.0,
    "29486015.png": 1014.7958560827551,
    "29051446.png": 1020.0,
    "29672414.png": 980.0,
    "29284095.png": 980.3262784651032,
    "29698859.png": 1032.3593509996044,
    "29368178.png": 1022.6584440848218,
    "29719872.png": 1023.0462238962102,
    "29577754.png": 1020.0,
    "29593781.png": 980.0,
    "22074771.png": 985.9543154150174,
    "29593842.png": 973.7644778887804,
    "29204733.png": 1023.8143554916857,
    "29060018.png": 1016.9537761037898,
    "29593780.png": 1014.5393442352698,
    "28961861.png": 1020.0
}