{
    "29279553.png": 1020.0,
    "28103116.png": 980.0,
    "29552508.png": 1020.0,
    "29689833.png": 1020.0,
    "29803414.png": 963.0462238962102,
    "29484517.png": 1020.0,
    "27478778.png": 980.0,
    "27415520.png": 1020.0,
    "29672412.png": 980.0,
    "29550938.png": 1020.0,
    "29802990.png": 980.0,
    "29805788.png": 1020.0,
    "29240250.png": 980.0,
    "29487644.png": 1020.0,
    "29552570.png": 1036.9537761037898,
    "29838647.png": 1003.0462238962102,
    "23569153.png": 976.9537761037898,
    "29798350.png": 1020.0,
    "29623831.png": 980.0,
    "29837655.png": 1020.0,
    "29702988.png": 963.0462238962102,
    "29486027.png": 1020.0,
    "28153539.png": 980.0,
    "29680181.png": 1020.0,
    "29774463.png": 980.0,
    "29715074.png": 1016.9537761037898,
    "29090700.png": 1020.0,
    "29782379.png": 980.0,
    "29850081.png": 1020.0,
    "22393754.png": 980.0,
    "29753034.png": 1020.0,
    "29992289.png": 980.0,
    "29341560.png": 983.0462238962102,
    "29689832.png": 1020.0,
    "29838659.png": 960.0,
    "29207493.png": 1020.0,
    "29486673.png": 1000.0,
    "29698715.png": 1020.0,
    "29798299.png": 1020.0,
    "29889698.png": 980.0,
    "26812432.png": 1016.9537761037898,
    "29474838.png": 1020.0,
    "28952957.png": 980.0,
    "29484535.png": 1020.0,
    "29672386.png": 980.0,
    "29486025.png": 1020.0,
    "29715097.png": 980.0,
    "29421754.png": 1020.0
}