{
    "28079726.png": 1067.302008057141,
    "29842153.png": 1090.2774033679839,
    "20560233.png": 1043.1443255123108,
    "29859130.png": 1123.6135598560322,
    "22894036.png": 1008.7288372617843,
    "26758054.png": 1113.0422560201716,
    "22889527.png": 999.9699332391972,
    "20861952.png": 1040.6228415626292,
    "20935352.png": 926.7308710364473,
    "20806363.png": 1175.5156142415372,
    "29909535.png": 1128.7088584174064,
    "29628447.png": 976.698244623746,
    "19198456.png": 876.447634305501,
    "28110197.png": 1079.4925418146765,
    "19804267.png": 924.9920851689367,
    "29800699.png": 1123.9246979268087,
    "20502241.png": 929.9759476859589,
    "23985466.png": 920.3828653053916,
    "20030992.png": 1073.8780462817633,
    "24038175.png": 996.455281058146,
    "20509675.png": 911.6410045367641,
    "29628529.png": 935.2322327103811,
    "25585268.png": 1059.0360938926576,
    "25469813.png": 1053.0339824581938,
    "29974271.png": 1102.6725196023322,
    "29963692.png": 981.9297848264516
}