{
    "28079726.png": 1016.3329328253218,
    "29842153.png": 1048.0748612604425,
    "20560233.png": 1062.2341859158741,
    "29859130.png": 1093.4435037948947,
    "22894036.png": 993.9267844055407,
    "26758054.png": 1019.2482593026962,
    "22889527.png": 1041.0137107259786,
    "20861952.png": 1030.8050226083578,
    "20935352.png": 963.1689370692225,
    "20806363.png": 1093.879751802961,
    "29909535.png": 1105.2445347192784,
    "29628447.png": 998.5765499220565,
    "24590420.png": 937.137419061711,
    "19198456.png": 946.7609301033626,
    "29955090.png": 987.3517913725215,
    "28110197.png": 1054.056087140808,
    "19804267.png": 924.5317791282496,
    "29800699.png": 1051.797469733519,
    "20502241.png": 980.4668516602792,
    "23985466.png": 957.6082090406601,
    "20030992.png": 1060.0356111487479,
    "24038175.png": 1045.2341624653059,
    "20509675.png": 963.2610675390077,
    "29628529.png": 987.5261852370539,
    "25585268.png": 1065.580763452732,
    "25469813.png": 1043.5320067996056
}