{"28079726.png": 1060.405921106615, "29842153.png": 1089.327542752193, "20560233.png": 996.8686046903933, "29859130.png": 1103.3677891225723, "22894036.png": 961.0952903702981, "26758054.png": 1073.1174833957227, "22889527.png": 985.277633761076, "20861952.png": 1035.924487048491, "20935352.png": 919.054194641599, "20806363.png": 1144.034113794858, "29909535.png": 1136.5402823413492, "29628447.png": 985.4012367840071, "24590420.png": 901.5564306174199, "19198456.png": 901.986984820455, "29955090.png": 953.533685831522, "28110197.png": 1113.1861745079327, "19804267.png": 912.010567230114, "29800699.png": 1075.9366013248803, "20502241.png": 980.5036184382878, "23985466.png": 958.5361934105026, "20030992.png": 1090.3058767322027, "24038175.png": 1038.6424982369817, "20509675.png": 904.294717663292, "29628529.png": 964.3947700415945, "25585268.png": 1090.5646635447556, "25469813.png": 1003.3452598817978, "29974271.png": 1068.0550231298732, "29963692.png": 1023.5617230154024}