{"28785468.png": 1020.0, "19829466.png": 980.0, "29540583.png": 1020.0, "27778936.png": 980.0, "18389532.png": 1020.0, "28889753.png": 963.0462238962102, "27678057.png": 996.9537761037898, "29953716.png": 1000.0, "26063151.png": 1020.0, "24605432.png": 980.0, "25258709.png": 1020.0, "29698972.png": 980.0, "29944861.png": 1036.9537761037898, "16094603.png": 980.0, "29163800.png": 1020.0, "22679022.png": 980.0, "29529106.png": 1020.0, "29521626.png": 1000.0, "29788533.png": 1036.9537761037898, "26252307.png": 960.0, "29834732.png": 1020.0, "26194436.png": 1020.0, "18492280.png": 980.0, "28427866.png": 1020.0, "16967731.png": 980.0, "28956852.png": 983.0462238962102, "24917636.png": 1020.0, "11839525.png": 980.0, "22824645.png": 1020.0, "29764606.png": 980.0, "29131671.png": 1020.0, "22567326.png": 980.0, "22876045.png": 1020.0, "18826115.png": 980.0, "25732781.png": 1020.0, "29780248.png": 980.0, "28598936.png": 996.9537761037898, "22297062.png": 980.0, "29953696.png": 1020.0, "9019371.png": 980.0, "19991428.png": 1020.0, "29841707.png": 960.0, "22875358.png": 1020.0, "25707896.png": 980.0, "28266987.png": 1020.0, "19511965.png": 980.0, "29659918.png": 1020.0, "28517422.png": 980.0, "14409844.png": 1020.0, "29663788.png": 963.0462238962102, "28582227.png": 1020.0, "21715923.png": 1020.0, "29735546.png": 980.0, "29322238.png": 1020.0, "24838182.png": 980.0, "18344102.png": 1020.0, "22801393.png": 980.0, "29717382.png": 1020.0, "29872459.png": 980.0, "19038647.png": 1020.0, "27389927.png": 980.0, "22301085.png": 1020.0, "29806263.png": 980.0, "28214396.png": 1016.9537761037898, "29844253.png": 1020.0, "27102141.png": 980.0, "24118867.png": 1016.9537761037898, "22396840.png": 1023.0462238962102, "29877969.png": 1020.0, "26140802.png": 1020.0, "27345009.png": 980.0, "28719642.png": 1020.0, "29644297.png": 980.0, "29815147.png": 983.0462238962102, "24348979.png": 1023.0462238962102}