{
    "28785468.png": 1036.9537761037898,
    "19829466.png": 1003.0462238962102,
    "29540583.png": 1000.0,
    "27778936.png": 997.4120893512153,
    "18389532.png": 1040.0,
    "28889753.png": 948.5714648479126,
    "27678057.png": 980.4550611929815,
    "29953716.png": 980.0,
    "26063151.png": 1036.9537761037898,
    "25258709.png": 1036.9537761037898,
    "29698972.png": 963.0462238962102,
    "29944861.png": 1053.9075522075796,
    "16094603.png": 951.2715836792805,
    "29163800.png": 1036.9537761037898,
    "22679022.png": 1003.0462238962102,
    "29529106.png": 1036.4987149108083,
    "29521626.png": 983.0462238962102,
    "29788533.png": 1051.4285351520875,
    "26252307.png": 945.9543154150174,
    "29834732.png": 996.9537761037898,
    "26194436.png": 1051.4285351520875,
    "18492280.png": 1003.0462238962102,
    "28427866.png": 1036.9537761037898,
    "16967731.png": 963.0462238962102,
    "28956852.png": 1005.634134544995,
    "24917636.png": 1036.9537761037898,
    "11839525.png": 963.0462238962102,
    "22824645.png": 1000.0,
    "29764606.png": 1003.0462238962102,
    "29131671.png": 1036.9537761037898,
    "22567326.png": 1003.0462238962102,
    "22876045.png": 1036.9537761037898,
    "18826115.png": 1003.0462238962102,
    "25732781.png": 996.9537761037898,
    "29780248.png": 1003.0462238962102,
    "28598936.png": 980.4550611929815,
    "22297062.png": 989.0190803183586,
    "29953696.png": 1034.0456845849826,
    "9019371.png": 1003.0462238962102,
    "19991428.png": 996.9537761037898,
    "29841707.png": 945.9543154150174,
    "22875358.png": 1036.9537761037898,
    "25707896.png": 1003.0462238962102,
    "28266987.png": 996.9537761037898,
    "19511965.png": 945.634134544995,
    "29659918.png": 1036.4987149108083,
    "28517422.png": 963.0462238962102,
    "14409844.png": 996.9537761037898,
    "29663788.png": 945.634134544995,
    "28582227.png": 1014.3658654550051,
    "21715923.png": 1036.9537761037898,
    "29322238.png": 1000.0,
    "24838182.png": 963.0462238962102,
    "18344102.png": 996.9537761037898,
    "22801393.png": 963.0462238962102,
    "29717382.png": 996.9537761037898,
    "29872459.png": 963.0462238962102,
    "19038647.png": 996.9537761037898,
    "27389927.png": 1003.0462238962102,
    "22301085.png": 996.9537761037898,
    "29806263.png": 985.634134544995,
    "28214396.png": 994.3658654550051,
    "29844253.png": 996.9537761037898,
    "27102141.png": 963.0462238962102,
    "24118867.png": 1034.365865455005,
    "22396840.png": 999.5449388070185,
    "29877969.png": 1036.9537761037898,
    "26140802.png": 1036.9537761037898,
    "27345009.png": 963.0462238962102,
    "28719642.png": 1014.3658654550051,
    "29644297.png": 963.0462238962102,
    "29815147.png": 965.634134544995,
    "24348979.png": 1039.5449388070185,
    "19671531.png": 1002.5786964361312,
    "28283596.png": 1000.0,
    "29925080.png": 1040.0,
    "24111677.png": 963.0462238962102,
    "28129886.png": 1013.9075522075796,
    "28985270.png": 963.0462238962102,
    "28108162.png": 1040.0,
    "29312677.png": 963.0462238962102,
    "27449251.png": 996.9537761037898,
    "29361120.png": 963.0462238962102,
    "29666233.png": 1020.0,
    "24132097.png": 1020.0,
    "5401950.png": 980.0,
    "26901818.png": 1016.9537761037898,
    "15208937.png": 1020.0,
    "29161284.png": 1020.0,
    "9434566.png": 962.5879106487848,
    "29875710.png": 1000.0,
    "26583284.png": 980.0,
    "22016249.png": 1020.0,
    "28246819.png": 980.0,
    "29913524.png": 1037.4120893512152,
    "27563413.png": 980.0,
    "29418415.png": 985.5252409517024,
    "25236614.png": 983.0462238962102,
    "16710685.png": 1016.9537761037898,
    "24215835.png": 1020.0,
    "20968706.png": 960.0,
    "12062794.png": 1020.0,
    "28733111.png": 980.0,
    "23487912.png": 1016.9537761037898,
    "29543846.png": 1023.0462238962102,
    "14525750.png": 1023.0462238962102,
    "27575986.png": 976.9537761037898,
    "24348975.png": 1020.0,
    "25185054.png": 980.0,
    "25650474.png": 1020.0,
    "29539488.png": 991.4484471417204,
    "28530142.png": 980.0,
    "20494863.png": 1014.0456845849826,
    "27283198.png": 1020.0,
    "26919653.png": 980.0,
    "29676278.png": 1020.0,
    "28372650.png": 999.532472539921,
    "29992728.png": 1016.9537761037898,
    "29540597.png": 1016.9537761037898,
    "30000727.png": 976.9537761037898,
    "26194225.png": 1023.0462238962102,
    "29621718.png": 1020.0,
    "29722118.png": 980.0,
    "29817141.png": 1020.0,
    "22902150.png": 980.0,
    "29780233.png": 1020.0,
    "27618790.png": 980.0,
    "29955612.png": 1020.0,
    "29962466.png": 980.0,
    "27769186.png": 983.0462238962102,
    "30001547.png": 985.5252409517024,
    "20385945.png": 983.0462238962102,
    "17096512.png": 983.0462238962102,
    "26645940.png": 976.9537761037898,
    "29957458.png": 1020.0,
    "29673117.png": 980.0,
    "29854754.png": 1020.0,
    "28599127.png": 980.0,
    "21642340.png": 1020.0,
    "29943073.png": 980.0,
    "26200770.png": 983.5012850891917,
    "28371063.png": 1016.9537761037898,
    "26413965.png": 1023.0462238962102,
    "29862068.png": 983.0462238962102,
    "26433178.png": 1020.0,
    "24486194.png": 980.0,
    "21284471.png": 1020.0,
    "26739068.png": 980.0,
    "29573570.png": 1020.0,
    "28536786.png": 980.0,
    "29290499.png": 1020.0,
    "26194781.png": 980.0,
    "28867100.png": 1020.0,
    "28001001.png": 980.0,
    "29936325.png": 1020.0,
    "29922663.png": 980.0,
    "29773965.png": 1017.4120893512153,
    "27313692.png": 1020.0,
    "20365980.png": 980.0,
    "26266836.png": 1020.0,
    "28358148.png": 980.0,
    "29666222.png": 976.9537761037898,
    "26268391.png": 1020.0,
    "22838885.png": 980.0,
    "26725307.png": 1020.0,
    "28529912.png": 980.0,
    "22937135.png": 983.0462238962102,
    "29666240.png": 1014.0456845849826,
    "26914939.png": 1016.9537761037898,
    "29666216.png": 1020.0,
    "27062106.png": 980.0,
    "29458602.png": 1020.0,
    "28598953.png": 980.0,
    "28458745.png": 1020.0,
    "24443561.png": 980.0,
    "16043277.png": 1020.0,
    "28793958.png": 1020.0,
    "28977759.png": 980.0,
    "28865573.png": 1020.0,
    "28162413.png": 980.0,
    "26247487.png": 1034.0456845849826,
    "30000743.png": 980.0,
    "25268810.png": 1016.9537761037898,
    "21182417.png": 1016.9537761037898,
    "28046826.png": 1020.0,
    "28545160.png": 980.0,
    "29166947.png": 1000.0,
    "22440442.png": 980.0,
    "29143177.png": 1020.0,
    "19202856.png": 980.0,
    "28289371.png": 1020.0,
    "22896119.png": 980.0,
    "27482564.png": 1040.0,
    "29527129.png": 1020.0,
    "5113204.png": 980.0,
    "29707636.png": 1020.0,
    "29164674.png": 965.9543154150174,
    "29002395.png": 1022.5879106487848,
    "29136227.png": 1020.0,
    "29838934.png": 980.0,
    "28530065.png": 983.0462238962102,
    "29755400.png": 1023.0462238962102,
    "19038703.png": 1014.4747590482976,
    "28778542.png": 976.9537761037898,
    "29987539.png": 1020.0,
    "7679954.png": 980.0,
    "29791809.png": 1023.0462238962102,
    "28026215.png": 1020.0,
    "28953292.png": 980.0,
    "29072315.png": 983.0462238962102,
    "28768327.png": 1020.0,
    "29646640.png": 980.0,
    "29921809.png": 1020.0,
    "25822025.png": 980.0,
    "29781893.png": 1023.0462238962102,
    "29785963.png": 1020.0,
    "29971562.png": 980.0,
    "28570975.png": 1020.0,
    "29671228.png": 997.4120893512153,
    "29016894.png": 983.0462238962102,
    "18344165.png": 982.5879106487848,
    "25631651.png": 1020.0,
    "29322323.png": 980.0,
    "29975583.png": 1016.9537761037898,
    "24073082.png": 1020.0,
    "24889541.png": 980.0,
    "22896626.png": 1020.0,
    "24996286.png": 983.0462238962102,
    "28273156.png": 1023.0462238962102,
    "29259268.png": 976.9537761037898,
    "28213923.png": 1020.0,
    "30000719.png": 980.0,
    "29943659.png": 1020.0,
    "29943043.png": 980.0,
    "29420939.png": 994.0456845849826,
    "29724715.png": 980.0,