{
    "sample_3fee116aafe6f0812432971630b73b0b.jpg": 9613.630932980319,
    "21966313.webp": 10361.815987551467,
    "28594607.webp": 9946.066837201359,
    "sample_27042a0b6dfbc7908a1ac14d615029e9.jpg": 10043.713539860828,
    "sample_13f4fdacb62970758c4fce0a503e56c1.jpg": 10138.802381660063,
    "sample_376bbd7040c4d472882fb02682332059.jpg": 9925.313356440513,
    "28861746.webp": 10273.387654644559,
    "26391812.webp": 9976.0129264982,
    "27917303.webp": 10360.22800267393,
    "sample_79ba4cbca0fabf438714155edda35330.jpg": 9726.765343150826,
    "f8b1448ff4d724fa167efa9aa00786c4.jpg": 9880.571957929453,
    "17417599.webp": 9975.699535158014,
    "18487632.webp": 10210.995778122196,
    "28861603.webp": 10125.116277291694,
    "28079774.webp": 10382.263279280049,
    "29265989.webp": 10052.395179736339,
    "19190255.webp": 10486.935010163257,
    "29974452.webp": 10323.581179435587,
    "43cece1ed8a860394e181a20e6f13f01.jpg": 9629.493508553322,
    "22313855.webp": 10402.638834914349,
    "29950477.webp": 10102.200435661527,
    "21000992.webp": 10016.592379717848,
    "27695495.gif": 9965.72278288708,
    "sample_25bae3e667383760be65dee2d5e2a969.jpg": 10074.77554506809,
    "29927399.webp": 10472.555343990593,
    "29874006.webp": 10243.355713941122,
    "15907803.webp": 10270.45600534786,
    "29877969.webp": 10219.454938094788,
    "28143671.webp": 10162.193009569846,
    "sample_fb50f9f26ef98bd544b6260b76855f343c50fe1d.jpg": 10238.186567578488,
    "29251965.webp": 9815.999959434363,
    "a57ab48ea1ab29e961c7ee4dd0f08d26.jpg": 10163.962722469749,
    "24436847.webp": 10065.403942280745,
    "29003562.webp": 9852.619766574591,
    "29684813.webp": 10308.258496421178,
    "18339677.webp": 10097.727092458457,
    "19563147.webp": 9877.995936113351,
    "b486fe2a30f636145d6821de1545833f.jpg": 9475.974577477326,
    "27810898.webp": 10236.355204147627,
    "29143177.webp": 10452.377404620625,
    "26150041.webp": 10098.097500038011,
    "c7d0ad1da2eb62d11c303c5c61c9a0d7.jpg": 10191.36199745842,
    "21545497.webp": 10540.121331629784,
    "sample_45cb03ef4a2cd2114f45f3a1b602dae8.jpg": 9820.192899134783,
    "26421438.webp": 10174.112470102562,
    "26150126.webp": 10090.799960603383,
    "c91492cada4a022dcd15cb92d73ec737.jpg": 9988.09068073672,
    "26822628.webp": 10428.821854724782,
    "20548520.webp": 10320.3889715958,
    "25631651.webp": 10353.393698620857,
    "d1e422a7b15e7f634c24e7f763e4e73c.jpeg": 9973.489213361334,
    "22542842.webp": 10498.07038635011,
    "29062179.webp": 10032.723088777848,
    "sample_4e9f417bd9a0e3ff6e68a655820d24f8.jpg": 9850.0,
    "24663774.webp": 10276.336018511567,
    "27967354.webp": 10019.434722272923,
    "df7732ec4f8099f2ba3bdb7829bc9202.jpg": 10091.270755736517,
    "1459711.webp": 9891.23887876715,
    "22696529.webp": 9877.030082212532,
    "17961085.webp": 10472.09799291412,
    "26258725.webp": 10386.627477241294
}