{"29380960.png": 1036.9537761037898, "29938345.png": 980.0, "29547933.png": 1020.0, "29548113.png": 980.0, "29998584.png": 1020.0, "29341005.png": 963.0462238962102, "28745652.png": 1020.0, "29421754.png": 1003.0462238962102, "29927506.png": 965.634134544995, "29380955.png": 1020.0, "29578423.png": 963.0462238962102, "29484508.png": 1020.0, "29403737.png": 980.0, "29529367.png": 1020.0, "29548118.png": 980.0, "29404224.png": 1020.0, "29174344.png": 980.0, "29179875.png": 1020.0, "29357976.png": 1005.9543154150174, "29547942.png": 1020.0, "29552508.png": 963.0462238962102, "29285483.png": 994.0456845849826, "29764227.png": 963.0462238962102, "29529284.png": 1020.0, "29064345.png": 980.0, "29200267.png": 1020.0, "29529188.png": 980.0, "837082491.png": 1036.9537761037898, "29096012.png": 983.0462238962102, "28997486.png": 1020.0, "29528922.png": 980.0, "29380884.png": 1020.0, "29887946.png": 980.0, "29380917.png": 1020.0, "29953272.png": 980.0, "29475469.png": 1020.0, "29719863.png": 980.0, "29380923.png": 1020.0, "29954001.png": 980.0, "29886179.png": 1020.0, "29067790.png": 980.0, "29528901.png": 1017.4120893512153, "29965882.png": 1020.0, "29548180.png": 980.0, "29975501.png": 1020.0, "29965800.png": 980.0, "29558804.png": 1020.0, "836623451.png": 980.0, "29339264.png": 1020.0, "29953842.png": 980.0, "29847497.png": 1020.0, "29937566.png": 980.0, "29804857.png": 1020.0, "29187157.png": 980.0, "29200212.png": 1020.0, "29529089.png": 980.0, "29548065.png": 1020.0, "29380864.png": 980.0, "29547908.png": 1020.0, "29380929.png": 980.0, "29477083.png": 1020.0, "29799575.png": 980.0, "97236523.png": 1020.0, "29850066.png": 980.0, "29975509.png": 1016.9537761037898, "29799278.png": 1020.0, "29753174.png": 980.0, "29989769.png": 1020.0, "29759689.png": 980.0, "29547875.png": 1020.0, "21694262.png": 980.0, "29380870.png": 1020.0, "28849632.png": 980.0, "29544503.png": 1020.0, "29728995.png": 980.0, "29937344.png": 1020.0, "29943166.png": 980.0, "29064352.png": 1020.0, "29954010.png": 980.0, "25815667.png": 1020.0, "29136560.png": 980.0, "836622441.png": 1020.0, "29235904.png": 980.0, "836851151.png": 1020.0, "29837645.png": 980.0, "28803353.png": 1020.0, "29547920.png": 980.0, "29548116.png": 1020.0, "29548145.png": 980.0, "837082471.png": 1016.9537761037898, "29090897.png": 1020.0, "29547885.png": 980.0, "29797418.png": 1020.0, "29997862.png": 980.0, "29847527.png": 1020.0, "29064325.png": 980.0, "29339266.png": 1016.9537761037898, "29753199.png": 1020.0, "29797326.png": 980.0, "27957310.png": 1020.0, "29794620.png": 980.0, "29117769.png": 976.9537761037898, "29696869.png": 1020.0, "28618553.png": 980.0, "29888326.png": 1020.0, "29125564.png": 980.0, "29764495.png": 1016.9537761037898, "29837650.png": 1020.0, "28874409.png": 980.0, "29960571.png": 1020.0, "29015908.png": 980.0, "29096013.png": 1020.0, "29547965.png": 980.0, "22276920.png": 1020.0, "29551388.png": 980.0}