{
    "29380960.png": 1029.6786758632088,
    "29938345.png": 1000.0,
    "29547933.png": 1033.6225411448697,
    "29548113.png": 1003.0462238962102,
    "29998584.png": 996.0677432617501,
    "29341005.png": 951.2715836792805,
    "28745652.png": 1036.9537761037898,
    "29421754.png": 985.634134544995,
    "29927506.png": 990.7904597563459,
    "29380955.png": 1040.0,
    "29578423.png": 945.634134544995,
    "29484508.png": 1036.9537761037898,
    "29403737.png": 1003.0462238962102,
    "29529367.png": 1000.0,
    "29548118.png": 1025.0409300271594,
    "29404224.png": 1040.0,
    "29174344.png": 1027.6387949382774,
    "29179875.png": 1054.0456845849826,
    "29357976.png": 985.0409300271593,
    "29547942.png": 1051.4285351520875,
    "29552508.png": 940.3804996166386,
    "29285483.png": 1017.9779413232325,
    "29529284.png": 1013.9075522075796,
    "29064345.png": 951.6563339381781,
    "29200267.png": 1031.7746402169298,
    "29529188.png": 988.1020937426706,
    "837082491.png": 1048.7284163207196,
    "29096012.png": 1008.5714648479126,
    "28997486.png": 1013.9075522075796,
    "29528922.png": 965.9543154150174,
    "29380884.png": 1052.3612050617226,
    "29887946.png": 956.5631158053919,
    "29380917.png": 1037.4120893512152,
    "29475469.png": 1036.9537761037898,
    "29719863.png": 1008.2253597830703,
    "29380923.png": 996.9537761037898,
    "29954001.png": 985.634134544995,
    "29886179.png": 1034.0456845849826,
    "29067790.png": 948.5714648479126,
    "29528901.png": 1015.5597319979795,
    "29548180.png": 1005.9543154150174,
    "29975501.png": 1047.5538486484002,
    "29558804.png": 1011.4285351520874,
    "836623451.png": 1005.9543154150174,
    "29339264.png": 1037.8522216723468,
    "29953842.png": 965.9543154150174,
    "29847497.png": 1054.365865455005,
    "29937566.png": 1000.0,
    "29804857.png": 1036.9537761037898,
    "29187157.png": 1003.0462238962102,
    "29200212.png": 980.0,
    "29529089.png": 979.5449388070185,
    "29548065.png": 1039.1523522514892,
    "29380864.png": 1027.7634514774707,
    "29547908.png": 1002.5879106487848,
    "29477083.png": 1051.4285351520875,
    "97236523.png": 1036.9537761037898,
    "29850066.png": 997.4120893512153,
    "29975509.png": 997.4213035638688,
    "29799278.png": 1034.0456845849826,
    "29753174.png": 968.2253597830703,
    "29989769.png": 994.0456845849826,
    "29759689.png": 1003.0462238962102,
    "29547875.png": 1000.0,
    "21694262.png": 965.9543154150174,
    "29380870.png": 1047.1078663926323,
    "28849632.png": 963.0462238962102,
    "29544503.png": 1034.4747590482978,
    "29728995.png": 963.0462238962102,
    "29937344.png": 996.9537761037898,
    "29943166.png": 966.323742490378,
    "29064352.png": 996.9537761037898,
    "25815667.png": 1040.0,
    "29136560.png": 1005.9543154150174,
    "836622441.png": 1017.4213035638688,
    "29235904.png": 963.0462238962102,
    "836851151.png": 994.4747590482976,
    "29837645.png": 951.0647289847374,
    "28803353.png": 1036.9537761037898,
    "29547920.png": 1003.0462238962102,
    "29548116.png": 1045.1447413350636,
    "29548145.png": 948.5714648479126,
    "837082471.png": 994.3658654550051,
    "29090897.png": 1040.0,
    "29547885.png": 960.0,
    "29797418.png": 1046.5937455716328,
    "29997862.png": 963.0462238962102,
    "29847527.png": 996.9537761037898,
    "29064325.png": 1003.0462238962102,
    "29339266.png": 1040.0,
    "29753199.png": 994.0456845849826,
    "27957310.png": 1039.532472539921,
    "29794620.png": 1003.5012850891917,
    "29117769.png": 963.33123495892,
    "29696869.png": 1051.4285351520875,
    "28618553.png": 963.0462238962102,
    "29888326.png": 1014.9590699728407,
    "29125564.png": 1003.0462238962102,
    "29764495.png": 1009.6486378737445,
    "29837650.png": 996.9537761037898,
    "28874409.png": 948.5714648479126,
    "29960571.png": 994.4747590482976,
    "29015908.png": 965.5252409517024,
    "29096013.png": 1008.7284163207195,
    "29547965.png": 1003.0462238962102,
    "22276920.png": 1000.0,
    "29551388.png": 988.5714648479126,
    "29847494.png": 1036.9537761037898,
    "29528895.png": 1000.467527460079,
    "29998530.png": 1034.0456845849826,
    "29514376.png": 960.467527460079,
    "29180935.png": 1008.5714648479126,
    "29559066.png": 1036.9537761037898,
    "29529327.png": 1005.9543154150174,
    "29032606.png": 994.3658654550051,
    "29380988.png": 968.5714648479126,
    "28851929.png": 1034.365865455005,
    "29064450.png": 994.0456845849826,
    "29403750.png": 1003.0462238962102,
    "29589818.png": 1036.9537761037898,
    "29804850.png": 963.0462238962102,
    "29547952.png": 962.5786964361312,
    "29529319.png": 1005.634134544995,
    "29420942.png": 963.0462238962102,
    "29753184.png": 1040.0,
    "29753034.png": 1038.8080348574679,
    "29996513.png": 994.3658654550051,
    "29965855.png": 1031.4285351520875,
    "27629117.png": 1036.9537761037898,
    "29548120.png": 979.5449388070185,
    "29953602.png": 994.0456845849826,
    "29529175.png": 965.9543154150174,
    "29741971.png": 1000.0,
    "29529299.png": 960.0,
    "29547854.png": 995.3224067968084,
    "29744983.png": 1034.365865455005,
    "29934759.png": 1005.634134544995,
    "28851897.png": 996.9537761037898,
    "29486109.png": 1003.0462238962102,
    "29528884.png": 994.0456845849826,
    "29380925.png": 957.4120893512153,
    "29847461.png": 1036.3333121381315,
    "29965806.png": 959.8980903649498,
    "29999111.png": 1034.0456845849826,
    "29753153.png": 963.0462238962102,
    "29548073.png": 1002.5786964361312,
    "29547958.png": 1004.7307034194702,
    "29529171.png": 1036.9537761037898,
    "29824530.png": 980.913385387858,
    "29369802.png": 976.9537761037898,
    "29049107.png": 976.9537761037898,
    "28851900.png": 983.0462238962102,
    "29965747.png": 959.1366796886309,
    "29191820.png": 1025.5252409517022,
    "29968259.png": 1020.913385387858,
    "29548141.png": 1020.0,
    "18057686.png": 980.0,
    "29380940.png": 1020.0,
    "29938779.png": 980.0,
    "29965870.png": 983.0462238962102,
    "29529194.png": 1014.88958643028,
    "29579906.png": 1016.9537761037898,
    "2398643.png": 983.0462238962102,
    "29064266.png": 1023.0462238962102,
    "29804840.png": 1020.0,
    "29861915.png": 980.0,
    "29374758.png": 1016.9537761037898,
    "29047649.png": 1016.9537761037898,
    "29980410.png": 979.086614612142,
    "29998651.png": 977.4120893512153,
    "29382121.png": 1014.4747590482976,
    "29380935.png": 1014.4747590482976,
    "29652020.png": 1020.0,
    "29963707.png": 983.0462238962102,
    "29528956.png": 976.9537761037898,
    "29486050.png": 1022.5879106487848,
    "29985381.png": 982.5879106487848,
    "28782201.png": 983.0462238962102,
    "29725552.png": 983.0462238962102,
    "29285476.png": 1020.0,
    "29583396.png": 980.0,
    "29998776.png": 1020.0,
    "29529297.png": 980.0,
    "29888320.png": 1020.0,
    "29797332.png": 980.0,
    "29529193.png": 976.9537761037898,
    "29272052.png": 1020.0,
    "29753157.png": 980.0,
    "29547882.png": 1020.0,
    "29799294.png": 980.0,
    "28810544.png": 983.0462238962102,
    "29421752.png": 976.9537761037898,
    "28804158.png": 1020.0,
    "24479003.png": 980.0,
    "29996482.png": 982.5879106487848,
    "29496170.png": 1020.0,
    "29827957.png": 980.0,
    "29725555.png": 995.855878511802,
    "29399103.png": 1020.0,
    "29529309.png": 980.0,
    "29380886.png": 1023.0462238962102,
    "29847521.png": 1020.0,
    "29529179.png": 980.0,
    "29780667.png": 1020.0,
    "29996497.png": 980.0,
    "29547861.png": 983.0462238962102,
    "28851898.png": 1022.5879106487848,
    "1028612.png": 1016.9537761037898,
    "29798492.png": 1020.0,
    "29515924.png": 980.0,
    "29968895.png": 985.9543154150174,
    "29963724.png": 1020.0,
    "22284770.png": 980.0,
    "29212061.png": 983.0462238962102,
    "29816914.png": 1020.0,
    "29841622.png": 980.0,
    "29252774.png": 976.9537761037898,