{"vag.png": 1081.5829572118623, "f.png": 959.7155385894459, "f1oh.png": 977.4442190906868, "lasvegas.png": 1009.9122998953407, "formula1.png": 991.2540981625417}