{"24381581.png": 970.2432670568506, "29537244.png": 1012.0551989215664, "22244302.png": 1044.451283718055, "29055469.png": 936.1350068951426, "28554639.png": 1083.1906694681952, "23188691.png": 930.412963801434, "29587440.png": 1089.4075319665342, "23434790.png": 1020.1652245794963, "28278892.png": 1025.120849015032, "25691238.png": 967.027736381984, "27704203.png": 983.6999470348942, "20268005.png": 933.3826281260662, "15718151.png": 1001.3739861209908, "26171538.png": 947.7093189156245, "22073327.png": 1019.086614612142, "17202488.png": 934.4504133345469, "20268065.png": 996.2080939334886, "21531576.png": 943.3763112341051, "26046718.png": 1034.014920728562, "24341311.png": 979.830285129035, "20999280.png": 1054.9590699728406, "17377738.png": 1001.7520278348109, "24310477.png": 1015.9695585874549, "23369938.png": 902.8477548101714, "28942170.png": 1040.0, "21534369.png": 1053.734539198761, "23306644.png": 1018.8626606792025, "15904305.png": 947.3361852999873, "23156680.png": 1058.6409741533857, "29239665.png": 958.7136877975908, "29523263.png": 1066.039514076135, "26710916.png": 970.1794793054804, "29421816.png": 979.8076915443463, "26664502.png": 953.6095912632392, "28878831.png": 1022.0895742430149, "22663933.png": 913.6589500794996, "21221998.png": 1013.7557065134855, "17024415.png": 938.1400058832668, "28942174.png": 1031.0769513366317, "27253577.png": 965.2449652772942, "24045660.png": 1011.2862612077216, "27811067.png": 956.6401309696353, "20268069.png": 1088.3193031795795, "27827476.png": 988.8832856826873, "23670300.png": 986.2573059076266, "14819585.png": 971.6658921191349, "26081041.png": 1033.3189666173444, "25221259.png": 963.3939165682093, "29231453.png": 925.242180731067, "18935832.png": 1042.7616147489093, "24381571.png": 943.553216617609, "13600761.png": 1061.5963111272363, "8290676.png": 968.6022929741803, "18091131.png": 964.0199848757194, "15949596.png": 921.4629365074019, "25980049.png": 1012.10989070953, "27283237.png": 1033.8934326125968, "22934417.png": 1051.3352112412174, "29302740.png": 940.7602500303215, "22624808.png": 1031.7746402169298, "24630610.png": 955.3463985655117, "25979158.png": 1039.5449388070185, "23306646.png": 1013.9795199250706, "27390619.png": 1021.0204462689389, "20351889.png": 1037.4213035638688, "23015120.png": 971.5557547051174, "19696714.png": 1010.5890577388914, "21534343.png": 1003.0462238962102, "24381370.png": 978.8572972849171, "25057264.png": 1057.168501614376, "24630618.png": 1059.432439715494, "22671267.png": 961.9133162063674, "26049712.png": 1049.066672606853, "28490901.png": 967.3143986807524, "24033432.png": 1041.9600850821782, "25221209.png": 995.8723735837908, "21535011.png": 1039.681282057461, "18398716.png": 983.0462238962102, "23893604.png": 1040.6205766638168, "23401471.png": 999.532472539921, "28894219.png": 997.8522216723468, "18314894.png": 1010.0325588976048, "23287023.png": 1028.8198190567014, "22073257.png": 1056.6506600165008, "16374564.png": 1025.03729347908}