{
    "29537244.png": 1030.4874466443068,
    "22244302.png": 1088.6356746408303,
    "29055469.png": 966.3697757299298,
    "28554639.png": 1122.3114144940655,
    "23188691.png": 938.4012991099778,
    "29587440.png": 1115.4399636312678,
    "23434790.png": 996.1960350593996,
    "28278892.png": 1068.1261946523534,
    "25691238.png": 949.2235626278475,
    "27704203.png": 1042.5458758959412,
    "20268005.png": 936.775679075578,
    "15718151.png": 989.1157707391474,
    "22073327.png": 1062.182693020496,
    "17202488.png": 907.2695358116455,
    "20268065.png": 975.2795896202011,
    "21531576.png": 947.9267408392661,
    "26046718.png": 1072.0061752966453,
    "24341311.png": 942.0423931902143,
    "20999280.png": 1074.1087961070627,
    "17377738.png": 965.7933677773455,
    "24310477.png": 961.4698030205868,
    "23369938.png": 871.0635767620828,
    "28942170.png": 1056.1838088330649,
    "21534369.png": 1086.124392829339,
    "23306644.png": 1032.0189841725833,
    "15904305.png": 934.8216555294468,
    "23156680.png": 1022.6612279469957,
    "29239665.png": 933.1292170795743,
    "29523263.png": 1083.6581140030983,
    "26710916.png": 976.0252632974646,
    "29421816.png": 1003.5491507547792,
    "26664502.png": 957.5427655752692,
    "28878831.png": 1006.0180804041944,
    "22663933.png": 987.0962349879286,
    "21221998.png": 1013.9680406815119,
    "28942174.png": 1007.7111475750129,
    "27253577.png": 956.7986918530268,
    "24045660.png": 1017.9907744203747,
    "27811067.png": 1034.9488945001685,
    "20268069.png": 1055.9286144727266,
    "27827476.png": 1015.4318672331187,
    "23670300.png": 979.3497454719904,
    "14819585.png": 937.1665835999912,
    "26081041.png": 1088.1264214208188,
    "29231453.png": 918.6357934042983,
    "18935832.png": 1047.7048523163342,
    "13600761.png": 1073.6403762734274,
    "8290676.png": 982.759619173931,
    "18091131.png": 934.3781312864439,
    "15949596.png": 922.6466817966883,
    "25980049.png": 1053.5413362770319,
    "27283237.png": 1001.3669160911508,
    "22934417.png": 1050.5380217820996,
    "29302740.png": 958.3234337578,
    "22624808.png": 990.5456716415283,
    "24630610.png": 927.9598152249127,
    "25979158.png": 1075.4305777283757,
    "23306646.png": 1046.4673732732956,
    "27390619.png": 982.2200854742703,
    "20351889.png": 986.4575993535747,
    "23015120.png": 965.7986134667955,
    "19696714.png": 972.4906431996227,
    "21534343.png": 1000.9724706261518,
    "25057264.png": 1063.8090148877493,
    "24630618.png": 1101.3661735143232,
    "22671267.png": 935.9143875375901,
    "26049712.png": 1045.7871127889027,
    "24033432.png": 1082.8937737577694,
    "25221209.png": 1000.0329181201366,
    "21535011.png": 978.730829490132,
    "18398716.png": 928.0633404709703,
    "23893604.png": 1021.4161860087079,
    "23401471.png": 1017.918982958319,
    "28894219.png": 1055.3278919577565,
    "18314894.png": 1060.8612006667793,
    "23287023.png": 1041.3284161726745,
    "22073257.png": 1077.6716668480449,
    "16374564.png": 1017.1974889108595,
    "29990931.png": 1005.3467291845448
}